Workbook

Sheet Sheet3
A3: 行标签 | B3: 平均值项: cruise_speed_kmh | C3: 平均值项: fuel_burn_gal_per_hr | D3: 平均值项: standard_crew_size | E3: 平均值项: max_pax_capacity
A4: BKK-DXB | B4: 945.53 | C4: 3525 | D4: 15 | E4: 513.75
A5: Emirates | B5: 945.53 | C5: 3525 | D5: 15 | E5: 513.75
A6: Airbus A380-800 (quad-jet) | B6: 963.04 | C6: 3900 | D6: 16 | E6: 555
A7: BOEING 777-300ER (twin-jet) | B7: 893 | C7: 2400 | D7: 12 | E7: 390
A8: BOM-DXB | B8: 909.494 | C8: 2458.3333 | D8: 12 | E8: 378.16667
A9: Air India | B9: 913 | C9: 1750 | D9: 9 | E9: 230
A10: Boeing 787-8 (twin-jet) | B10: 913 | C10: 1750 | D10: 9 | E10: 230
A11: Emirates | B11: 908.7928 | C11: 2600 | D11: 12.6 | E11: 407.8
A12: Airbus A350-900 (twin-jet) | B12: 901.924 | C12: 1900 | D12: 11 | E12: 314
A13: Airbus A380-800 (quad-jet) | B13: 963.04 | C13: 3900 | D13: 16 | E13: 555
A14: BOEING 777-300ER (twin-jet) | B14: 893 | C14: 2400 | D14: 12 | E14: 390
A15: DOH-SIN | B15: 883.41309 | C15: 1675.0909 | D15: 10.090909 | E15: 274.18182
... A77: BOEING 777-300ER (twin-jet) | B77: 893 | C77: 2400 | D77: 12 | E77: 390
A78: (空白)
A79: (空白)
A80: (空白)

Sheet flightaware_final_data
A1: route | B1: airline | C1: aircraft_model | E1: cruise_speed_kmh | F1: fuel_burn_gal_per_hr | G1: standard_crew_size | H1: max_pax_capacity
A2: SIN-DXB | B2: Emirates | C2: Airbus A380-800 (quad-jet) | E2: =VLOOKUP(C2,机型!A:E,2,0) -> 963.04 | F2: =VLOOKUP(C2,机型!A:E,3,0) -> 3900 | G2: =VLOOKUP(C2,机型!A:E,4,0) -> 16 | H2: =VLOOKUP(C2,机型!A:E,5,0) -> 555
A3: SIN-DXB | B3: Emirates | C3: BOEING 777-300ER (twin-jet) | E3: =VLOOKUP(C3,机型!A:E,2,0) -> 893 | F3: =VLOOKUP(C3,机型!A:E,3,0) -> 2400 | G3: =VLOOKUP(C3,机型!A:E,4,0) -> 12 | H3: =VLOOKUP(C3,机型!A:E,5,0) -> 390
A4: SIN-DXB | B4: Emirates | C4: Airbus A380-800 (quad-jet) | E4: =VLOOKUP(C4,机型!A:E,2,0) -> 963.04 | F4: =VLOOKUP(C4,机型!A:E,3,0) -> 3900 | G4: =VLOOKUP(C4,机型!A:E,4,0) -> 16 | H4: =VLOOKUP(C4,机型!A:E,5,0) -> 555
A5: SIN-DXB | B5: Emirates | C5: BOEING 777-300ER (twin-jet) | E5: =VLOOKUP(C5,机型!A:E,2,0) -> 893 | F5: =VLOOKUP(C5,机型!A:E,3,0) -> 2400 | G5: =VLOOKUP(C5,机型!A:E,4,0) -> 12 | H5: =VLOOKUP(C5,机型!A:E,5,0) -> 390
A6: SIN-DXB | B6: Emirates | C6: Airbus A380-800 (quad-jet) | E6: =VLOOKUP(C6,机型!A:E,2,0) -> 963.04 | F6: =VLOOKUP(C6,机型!A:E,3,0) -> 3900 | G6: =VLOOKUP(C6,机型!A:E,4,0) -> 16 | H6: =VLOOKUP(C6,机型!A:E,5,0) -> 555
A7: SIN-DXB | B7: Emirates | C7: BOEING 777-300ER (twin-jet) | E7: =VLOOKUP(C7,机型!A:E,2,0) -> 893 | F7: =VLOOKUP(C7,机型!A:E,3,0) -> 2400 | G7: =VLOOKUP(C7,机型!A:E,4,0) -> 12 | H7: =VLOOKUP(C7,机型!A:E,5,0) -> 390
A8: SIN-DXB | B8: Singapore Airlines | C8: BOEING 787-10 Dreamliner (twin-jet) | E8: =VLOOKUP(C8,机型!A:E,2,0) -> 913 | F8: =VLOOKUP(C8,机型!A:E,3,0) -> 1750 | G8: =VLOOKUP(C8,机型!A:E,4,0) -> 9 | H8: =VLOOKUP(C8,机型!A:E,5,0) -> 230
A9: SIN-DXB | B9: Emirates | C9: Airbus A380-800 (quad-jet) | E9: =VLOOKUP(C9,机型!A:E,2,0) -> 963.04 | F9: =VLOOKUP(C9,机型!A:E,3,0) -> 3900 | G9: =VLOOKUP(C9,机型!A:E,4,0) -> 16 | H9: =VLOOKUP(C9,机型!A:E,5,0) -> 555
A10: SIN-DXB | B10: Emirates | C10: BOEING 777-300ER (twin-jet) | E10: =VLOOKUP(C10,机型!A:E,2,0) -> 893 | F10: =VLOOKUP(C10,机型!A:E,3,0) -> 2400 | G10: =VLOOKUP(C10,机型!A:E,4,0) -> 12 | H10: =VLOOKUP(C10,机型!A:E,5,0) -> 390
A11: SIN-DXB | B11: Singapore Airlines | C11: Airbus A350-900 (twin-jet) | E11: =VLOOKUP(C11,机型!A:E,2,0) -> 901.924 | F11: =VLOOKUP(C11,机型!A:E,3,0) -> 1900 | G11: =VLOOKUP(C11,机型!A:E,4,0) -> 11 | H11: =VLOOKUP(C11,机型!A:E,5,0) -> 314
A12: SIN-DXB | B12: Air India | C12: Airbus A321 (twin-jet) | E12: =VLOOKUP(C12,机型!A:E,2,0) -> 828 | F12: =VLOOKUP(C12,机型!A:E,3,0) -> 950 | G12: =VLOOKUP(C12,机型!A:E,4,0) -> 8 | H12: =VLOOKUP(C12,机型!A:E,5,0) -> 186
A13: SIN-DXB | B13: Air India | C13: Airbus A321 (twin-jet) | E13: =VLOOKUP(C13,机型!A:E,2,0) -> 828 | F13: =VLOOKUP(C13,机型!A:E,3,0) -> 950 | G13: =VLOOKUP(C13,机型!A:E,4,0) -> 8 | H13: =VLOOKUP(C13,机型!A:E,5,0) -> 186
... A149: MEL-DXB | B149: Emirates | C149: Airbus A380-800 (quad-jet) | E149: =VLOOKUP(C149,机型!A:E,2,0) -> 963.04 | F149: =VLOOKUP(C149,机型!A:E,3,0) -> 3900 | G149: =VLOOKUP(C149,机型!A:E,4,0) -> 16 | H149: =VLOOKUP(C149,机型!A:E,5,0) -> 555

Sheet 直飞航班
A1: route | B1: airline | C1: ident | D1: aircraft_model | E1: cruise_speed_kmh | F1: fuel_burn_gal_per_hr | G1: standard_crew_size | H1: max_pax_capacity
A2: SIN-DXB | B2: Emirates | C2: UAE353 | D2: Airbus A380-800 (quad-jet) | E2: =VLOOKUP(D2,机型!A:E,2,0) -> 963.04 | F2: =VLOOKUP(D2,机型!A:E,3,0) -> 3900 | G2: =VLOOKUP(D2,机型!A:E,4,0) -> 16 | H2: =VLOOKUP(D2,机型!A:E,5,0) -> 555
A3: SIN-DXB | B3: Emirates | C3: UAE355 | D3: BOEING 777-300ER (twin-jet) | E3: =VLOOKUP(D3,机型!A:E,2,0) -> 893 | F3: =VLOOKUP(D3,机型!A:E,3,0) -> 2400 | G3: =VLOOKUP(D3,机型!A:E,4,0) -> 12 | H3: =VLOOKUP(D3,机型!A:E,5,0) -> 390
A4: LHR-DXB | B4: Emirates | C4: UAE8 | D4: Airbus A380-800 (quad-jet) | E4: =VLOOKUP(D4,机型!A:E,2,0) -> 963.04 | F4: =VLOOKUP(D4,机型!A:E,3,0) -> 3900 | G4: =VLOOKUP(D4,机型!A:E,4,0) -> 16 | H4: =VLOOKUP(D4,机型!A:E,5,0) -> 555
A5: LHR-DXB | B5: Emirates | C5: UAE6 | D5: Airbus A380-800 (quad-jet) | E5: =VLOOKUP(D5,机型!A:E,2,0) -> 963.04 | F5: =VLOOKUP(D5,机型!A:E,3,0) -> 3900 | G5: =VLOOKUP(D5,机型!A:E,4,0) -> 16 | H5: =VLOOKUP(D5,机型!A:E,5,0) -> 555
A6: LHR-DXB | B6: Emirates | C6: UAE4 | D6: Airbus A380-800 (quad-jet) | E6: =VLOOKUP(D6,机型!A:E,2,0) -> 963.04 | F6: =VLOOKUP(D6,机型!A:E,3,0) -> 3900 | G6: =VLOOKUP(D6,机型!A:E,4,0) -> 16 | H6: =VLOOKUP(D6,机型!A:E,5,0) -> 555
A7: LHR-DXB | B7: Emirates | C7: UAE30 | D7: Airbus A380-800 (quad-jet) | E7: =VLOOKUP(D7,机型!A:E,2,0) -> 963.04 | F7: =VLOOKUP(D7,机型!A:E,3,0) -> 3900 | G7: =VLOOKUP(D7,机型!A:E,4,0) -> 16 | H7: =VLOOKUP(D7,机型!A:E,5,0) -> 555
A8: LHR-DXB | B8: Emirates | C8: UAE2 | D8: Airbus A380-800 (quad-jet) | E8: =VLOOKUP(D8,机型!A:E,2,0) -> 963.04 | F8: =VLOOKUP(D8,机型!A:E,3,0) -> 3900 | G8: =VLOOKUP(D8,机型!A:E,4,0) -> 16 | H8: =VLOOKUP(D8,机型!A:E,5,0) -> 555
A9: BKK-DXB | B9: Emirates | C9: UAE375 | D9: Airbus A380-800 (quad-jet) | E9: =VLOOKUP(D9,机型!A:E,2,0) -> 963.04 | F9: =VLOOKUP(D9,机型!A:E,3,0) -> 3900 | G9: =VLOOKUP(D9,机型!A:E,4,0) -> 16 | H9: =VLOOKUP(D9,机型!A:E,5,0) -> 555
A10: BKK-DXB | B10: Emirates | C10: UAE371 | D10: BOEING 777-300ER (twin-jet) | E10: =VLOOKUP(D10,机型!A:E,2,0) -> 893 | F10: =VLOOKUP(D10,机型!A:E,3,0) -> 2400 | G10: =VLOOKUP(D10,机型!A:E,4,0) -> 12 | H10: =VLOOKUP(D10,机型!A:E,5,0) -> 390
A11: BKK-DXB | B11: Emirates | C11: UAE385 | D11: Airbus A380-800 (quad-jet) | E11: =VLOOKUP(D11,机型!A:E,2,0) -> 963.04 | F11: =VLOOKUP(D11,机型!A:E,3,0) -> 3900 | G11: =VLOOKUP(D11,机型!A:E,4,0) -> 16 | H11: =VLOOKUP(D11,机型!A:E,5,0) -> 555
A12: BKK-DXB | B12: Emirates | C12: UAE373 | D12: Airbus A380-800 (quad-jet) | E12: =VLOOKUP(D12,机型!A:E,2,0) -> 963.04 | F12: =VLOOKUP(D12,机型!A:E,3,0) -> 3900 | G12: =VLOOKUP(D12,机型!A:E,4,0) -> 16 | H12: =VLOOKUP(D12,机型!A:E,5,0) -> 555
A13: HKG-DXB | B13: Emirates | C13: UAE381 | D13: Airbus A380-800 (quad-jet) | E13: =VLOOKUP(D13,机型!A:E,2,0) -> 963.04 | F13: =VLOOKUP(D13,机型!A:E,3,0) -> 3900 | G13: =VLOOKUP(D13,机型!A:E,4,0) -> 16 | H13: =VLOOKUP(D13,机型!A:E,5,0) -> 555
... A28: MEL-DXB | B28: Emirates | C28: UAE407 | D28: Airbus A380-800 (quad-jet) | E28: =VLOOKUP(D28,机型!A:E,2,0) -> 963.04 | F28: =VLOOKUP(D28,机型!A:E,3,0) -> 3900 | G28: =VLOOKUP(D28,机型!A:E,4,0) -> 16 | H28: =VLOOKUP(D28,机型!A:E,5,0) -> 555

Sheet Sheet7
A3: 行标签
A4: BKK-DXB
A5: Emirates
A6: UAE371
A7: UAE373
A8: UAE375
A9: UAE385
A10: BOM-DXB
A11: Air India
A12: AIC4217
A13: Emirates
A14: UAE501
... A56: 总计

Sheet Sheet1
A1: route | B1: airline | C1: ident
A2: SIN-DXB | B2: Emirates | C2: UAE353
A3: SIN-DXB | B3: Emirates | C3: UAE355
A4: LHR-DXB | B4: Emirates | C4: UAE8
A5: LHR-DXB | B5: Emirates | C5: UAE6
A6: LHR-DXB | B6: Emirates | C6: UAE4
A7: LHR-DXB | B7: Emirates | C7: UAE30
A8: LHR-DXB | B8: Emirates | C8: UAE2
A9: BKK-DXB | B9: Emirates | C9: UAE375
A10: BKK-DXB | B10: Emirates | C10: UAE371
A11: BKK-DXB | B11: Emirates | C11: UAE385
A12: BKK-DXB | B12: Emirates | C12: UAE373
... A32: MEL-DXB | B32: Emirates | C32: UAE407

Sheet 航司
A1: airline
A2: Emirates
A3: Singapore Airlines
A4: Air India
A5: Qatar Airways
A6: Thai Airways
A7: Cathay Pacific
A8: British Airways

Sheet 航线
A1: 用来算燃油耗油量的时间 | B1: 航班号 | C1: prewar_time (2026.02均值) | D1: actual_time (从flightaware实时抓取的total travel time-0.5h）
A2: BKK-DXB
A3: Emirates
A4: Airbus A380-800 (quad-jet) | C4: 0.2555787
A5: BOEING 777-300ER (twin-jet) | C5: 0.26524306
A6: BOM-DXB
A7: Air India | C7: na | D7: 3h20m
A8: Emirates
A9: Airbus A350-900 (twin-jet) | C9: 0.11284722
A10: Airbus A380-800 (quad-jet) | C10: 0.12174769 | D10: 0.10625
A11: BOEING 777-300ER (twin-jet) | C11: 0.099305556 | D11: 0.10625
A12: DOH-SIN
A13: Qatar Airways
A14: Airbus A320 (twin-jet)
A15: Airbus A321neo (twin-jet)
A16: Airbus A350-900 (twin-jet) | C16: 0.30503472
A17: Boeing 777-200 (twin-jet) | C17: 0.28819444
A18: HKG-DXB
A19: Air India
A20: Airbus A321 (twin-jet) | C20: 非直飞
A21: Cathay Pacific
A22: Airbus A330-300 (twin-jet)
A23: Emirates
A24: Airbus A380-800 (quad-jet) | C24: 0.35266204
A25: Boeing 777-200 (twin-jet) | C25: 非直飞
A26: BOEING 777-300ER (twin-jet)
A27: Qatar Airways
A28: Airbus A320 (twin-jet)
A29: BOEING 777-300ER (twin-jet)
A30: Singapore Airlines
A31: Airbus A350-900 (twin-jet)
A32: Boeing 747-400 (quad-jet)
A33: Thai Airways
A34: Airbus A320 (twin-jet)
A35: BOEING 777-300ER (twin-jet)
A36: LHR-DXB
A37: Emirates
... A77: (空白)

Sheet 机型
A1: aircraft_model | B1: cruise_speed_kmh | C1: fuel_burn_gal_per_hr | D1: standard_crew_size | E1: max_pax_capacity
A2: Airbus A320 (twin-jet) | B2: 840 | C2: 826 | D2: =ROUNDUP(E2/50+2*2,0) -> 7 | E2: 150
A3: Airbus A321 (twin-jet) | B3: 828 | C3: 950 | D3: =ROUNDUP(E3/50+2*2,0) -> 8 | E3: 186
A4: Airbus A321neo (twin-jet) | B4: 828 | C4: 650 | D4: =ROUNDUP(E4/50+2*2,0) -> 8 | E4: 186
A5: Airbus A330-300 (twin-jet) | B5: 860 | C5: 1850 | D5: =ROUNDUP(E5/50+2*2,0) -> 11 | E5: 335
A6: Airbus A350-1000 (twin-jet) | B6: =487*1.852 -> 901.924 | C6: 1850 | D6: =ROUNDUP(E6/50+2*2,0) -> 11 | E6: 350
A7: Airbus A350-900 (twin-jet) | B7: =487*1.852 -> 901.924 | C7: 1900 | D7: =ROUNDUP(E7/50+2*2,0) -> 11 | E7: 314
A8: Airbus A380-800 (quad-jet) | B8: =520*1.852 -> 963.04 | C8: 3900 | D8: =ROUNDUP(E8/50+2*2,0) -> 16 | E8: 555
A9: Boeing 737 MAX 8 (twin-jet) | B9: =0.785*1234.8 -> 969.318 | C9: 720 | D9: =ROUNDUP(E9/50+2*2,0) -> 8 | E9: 170
A10: Boeing 747-400 (quad-jet) | B10: 907 | C10: 3400 | D10: =ROUNDUP(E10/50+2*2,0) -> 13 | E10: 416
A11: Boeing 777-200 (twin-jet) | B11: 905 | C11: 2450 | D11: =ROUNDUP(E11/50+2*2,0) -> 11 | E11: 305
A12: BOEING 777-300ER (twin-jet) | B12: 893 | C12: 2400 | D12: =ROUNDUP(E12/50+2*2,0) -> 12 | E12: 390
A13: BOEING 787-10 Dreamliner (twin-jet) | B13: 913 | C13: 1750 | D13: =ROUNDUP(E13/50+2*2,0) -> 9 | E13: 230
A14: Boeing 787-8 (twin-jet) | B14: 913 | C14: 1750 | D14: =ROUNDUP(E14/50+2*2,0) -> 9 | E14: 230
A15: Boeing 787-9 Dreamliner (twin-jet) | B15: =490*1.852 -> 907.48 | C15: 1750 | D15: =ROUNDUP(E15/50+2*2,0) -> 9 | E15: 230
