Workbook

Sheet Sheet1
A1: route | B1: airline | C1: aircraft_model | D1: cruise_speed_kmh | E1: fuel_burn_gal_per_hr | F1: standard_crew_size | G1: max_pax_capacity
A2: SIN-DXB | B2: Emirates | C2: Airbus A380-800 (quad-jet) | D2: =VLOOKUP(C2,[1]机型!A:E,2,0) -> 963.04 | E2: =VLOOKUP(C2,[1]机型!A:E,3,0) -> 3900 | F2: =VLOOKUP(C2,[1]机型!A:E,4,0) -> 16 | G2: =VLOOKUP(C2,[1]机型!A:E,5,0) -> 555
A3: SIN-DXB | B3: Emirates | C3: BOEING 777-300ER (twin-jet) | D3: =VLOOKUP(C3,[1]机型!A:E,2,0) -> 893 | E3: =VLOOKUP(C3,[1]机型!A:E,3,0) -> 2400 | F3: =VLOOKUP(C3,[1]机型!A:E,4,0) -> 12 | G3: =VLOOKUP(C3,[1]机型!A:E,5,0) -> 390
A4: SIN-DXB | B4: Emirates | C4: Airbus A380-800 (quad-jet) | D4: =VLOOKUP(C4,[1]机型!A:E,2,0) -> 963.04 | E4: =VLOOKUP(C4,[1]机型!A:E,3,0) -> 3900 | F4: =VLOOKUP(C4,[1]机型!A:E,4,0) -> 16 | G4: =VLOOKUP(C4,[1]机型!A:E,5,0) -> 555
A5: SIN-DXB | B5: Emirates | C5: BOEING 777-300ER (twin-jet) | D5: =VLOOKUP(C5,[1]机型!A:E,2,0) -> 893 | E5: =VLOOKUP(C5,[1]机型!A:E,3,0) -> 2400 | F5: =VLOOKUP(C5,[1]机型!A:E,4,0) -> 12 | G5: =VLOOKUP(C5,[1]机型!A:E,5,0) -> 390
A6: SIN-DXB | B6: Emirates | C6: Airbus A380-800 (quad-jet) | D6: =VLOOKUP(C6,[1]机型!A:E,2,0) -> 963.04 | E6: =VLOOKUP(C6,[1]机型!A:E,3,0) -> 3900 | F6: =VLOOKUP(C6,[1]机型!A:E,4,0) -> 16 | G6: =VLOOKUP(C6,[1]机型!A:E,5,0) -> 555
A7: SIN-DXB | B7: Emirates | C7: BOEING 777-300ER (twin-jet) | D7: =VLOOKUP(C7,[1]机型!A:E,2,0) -> 893 | E7: =VLOOKUP(C7,[1]机型!A:E,3,0) -> 2400 | F7: =VLOOKUP(C7,[1]机型!A:E,4,0) -> 12 | G7: =VLOOKUP(C7,[1]机型!A:E,5,0) -> 390
A8: SIN-DXB | B8: Singapore Airlines | C8: BOEING 787-10 Dreamliner (twin-jet) | D8: =VLOOKUP(C8,[1]机型!A:E,2,0) -> 913 | E8: =VLOOKUP(C8,[1]机型!A:E,3,0) -> 1750 | F8: =VLOOKUP(C8,[1]机型!A:E,4,0) -> 9 | G8: =VLOOKUP(C8,[1]机型!A:E,5,0) -> 230
A9: SIN-DXB | B9: Emirates | C9: Airbus A380-800 (quad-jet) | D9: =VLOOKUP(C9,[1]机型!A:E,2,0) -> 963.04 | E9: =VLOOKUP(C9,[1]机型!A:E,3,0) -> 3900 | F9: =VLOOKUP(C9,[1]机型!A:E,4,0) -> 16 | G9: =VLOOKUP(C9,[1]机型!A:E,5,0) -> 555
A10: SIN-DXB | B10: Emirates | C10: BOEING 777-300ER (twin-jet) | D10: =VLOOKUP(C10,[1]机型!A:E,2,0) -> 893 | E10: =VLOOKUP(C10,[1]机型!A:E,3,0) -> 2400 | F10: =VLOOKUP(C10,[1]机型!A:E,4,0) -> 12 | G10: =VLOOKUP(C10,[1]机型!A:E,5,0) -> 390
A11: SIN-DXB | B11: Singapore Airlines | C11: Airbus A350-900 (twin-jet) | D11: =VLOOKUP(C11,[1]机型!A:E,2,0) -> 901.924 | E11: =VLOOKUP(C11,[1]机型!A:E,3,0) -> 1900 | F11: =VLOOKUP(C11,[1]机型!A:E,4,0) -> 11 | G11: =VLOOKUP(C11,[1]机型!A:E,5,0) -> 314
A12: SIN-DXB | B12: Air India | C12: Airbus A321 (twin-jet) | D12: =VLOOKUP(C12,[1]机型!A:E,2,0) -> 828 | E12: =VLOOKUP(C12,[1]机型!A:E,3,0) -> 950 | F12: =VLOOKUP(C12,[1]机型!A:E,4,0) -> 8 | G12: =VLOOKUP(C12,[1]机型!A:E,5,0) -> 186
A13: SIN-DXB | B13: Air India | C13: Airbus A321 (twin-jet) | D13: =VLOOKUP(C13,[1]机型!A:E,2,0) -> 828 | E13: =VLOOKUP(C13,[1]机型!A:E,3,0) -> 950 | F13: =VLOOKUP(C13,[1]机型!A:E,4,0) -> 8 | G13: =VLOOKUP(C13,[1]机型!A:E,5,0) -> 186
... A149: MEL-DXB | B149: Emirates | C149: Airbus A380-800 (quad-jet) | D149: =VLOOKUP(C149,[1]机型!A:E,2,0) -> 963.04 | E149: =VLOOKUP(C149,[1]机型!A:E,3,0) -> 3900 | F149: =VLOOKUP(C149,[1]机型!A:E,4,0) -> 16 | G149: =VLOOKUP(C149,[1]机型!A:E,5,0) -> 555
