Workbook

Sheet flightaware_with_ident
A1: route | B1: airline | C1: ident | D1: aircraft_model | E1: cruise_speed_kmh | F1: fuel_burn_gal_per_hr | G1: standard_crew_size | H1: max_pax_capacity
A2: SIN-DXB | B2: Emirates | C2: UAE353 | D2: Airbus A380-800 (quad-jet) | E2: =VLOOKUP(D2,[1]机型!A:E,2,0) -> 963.04 | F2: =VLOOKUP(D2,[1]机型!A:E,3,0) -> 3900 | G2: =VLOOKUP(D2,[1]机型!A:E,4,0) -> 16 | H2: =VLOOKUP(D2,[1]机型!A:E,5,0) -> 555
A3: SIN-DXB | B3: Emirates | C3: UAE355 | D3: BOEING 777-300ER (twin-jet) | E3: =VLOOKUP(D3,[1]机型!A:E,2,0) -> 893 | F3: =VLOOKUP(D3,[1]机型!A:E,3,0) -> 2400 | G3: =VLOOKUP(D3,[1]机型!A:E,4,0) -> 12 | H3: =VLOOKUP(D3,[1]机型!A:E,5,0) -> 390
A4: SIN-DXB | B4: Emirates | C4: UAE353 | D4: Airbus A380-800 (quad-jet) | E4: =VLOOKUP(D4,[1]机型!A:E,2,0) -> 963.04 | F4: =VLOOKUP(D4,[1]机型!A:E,3,0) -> 3900 | G4: =VLOOKUP(D4,[1]机型!A:E,4,0) -> 16 | H4: =VLOOKUP(D4,[1]机型!A:E,5,0) -> 555
A5: SIN-DXB | B5: Emirates | C5: UAE355 | D5: BOEING 777-300ER (twin-jet) | E5: =VLOOKUP(D5,[1]机型!A:E,2,0) -> 893 | F5: =VLOOKUP(D5,[1]机型!A:E,3,0) -> 2400 | G5: =VLOOKUP(D5,[1]机型!A:E,4,0) -> 12 | H5: =VLOOKUP(D5,[1]机型!A:E,5,0) -> 390
A6: SIN-DXB | B6: Emirates | C6: UAE353 | D6: Airbus A380-800 (quad-jet) | E6: =VLOOKUP(D6,[1]机型!A:E,2,0) -> 963.04 | F6: =VLOOKUP(D6,[1]机型!A:E,3,0) -> 3900 | G6: =VLOOKUP(D6,[1]机型!A:E,4,0) -> 16 | H6: =VLOOKUP(D6,[1]机型!A:E,5,0) -> 555
A7: SIN-DXB | B7: Emirates | C7: UAE355 | D7: BOEING 777-300ER (twin-jet) | E7: =VLOOKUP(D7,[1]机型!A:E,2,0) -> 893 | F7: =VLOOKUP(D7,[1]机型!A:E,3,0) -> 2400 | G7: =VLOOKUP(D7,[1]机型!A:E,4,0) -> 12 | H7: =VLOOKUP(D7,[1]机型!A:E,5,0) -> 390
A8: LHR-DXB | B8: Emirates | C8: UAE8 | D8: Airbus A380-800 (quad-jet) | E8: =VLOOKUP(D8,[1]机型!A:E,2,0) -> 963.04 | F8: =VLOOKUP(D8,[1]机型!A:E,3,0) -> 3900 | G8: =VLOOKUP(D8,[1]机型!A:E,4,0) -> 16 | H8: =VLOOKUP(D8,[1]机型!A:E,5,0) -> 555
A9: LHR-DXB | B9: Emirates | C9: UAE6 | D9: Airbus A380-800 (quad-jet) | E9: =VLOOKUP(D9,[1]机型!A:E,2,0) -> 963.04 | F9: =VLOOKUP(D9,[1]机型!A:E,3,0) -> 3900 | G9: =VLOOKUP(D9,[1]机型!A:E,4,0) -> 16 | H9: =VLOOKUP(D9,[1]机型!A:E,5,0) -> 555
A10: LHR-DXB | B10: Emirates | C10: UAE4 | D10: Airbus A380-800 (quad-jet) | E10: =VLOOKUP(D10,[1]机型!A:E,2,0) -> 963.04 | F10: =VLOOKUP(D10,[1]机型!A:E,3,0) -> 3900 | G10: =VLOOKUP(D10,[1]机型!A:E,4,0) -> 16 | H10: =VLOOKUP(D10,[1]机型!A:E,5,0) -> 555
A11: LHR-DXB | B11: Emirates | C11: UAE30 | D11: Airbus A380-800 (quad-jet) | E11: =VLOOKUP(D11,[1]机型!A:E,2,0) -> 963.04 | F11: =VLOOKUP(D11,[1]机型!A:E,3,0) -> 3900 | G11: =VLOOKUP(D11,[1]机型!A:E,4,0) -> 16 | H11: =VLOOKUP(D11,[1]机型!A:E,5,0) -> 555
A12: LHR-DXB | B12: Emirates | C12: UAE2 | D12: Airbus A380-800 (quad-jet) | E12: =VLOOKUP(D12,[1]机型!A:E,2,0) -> 963.04 | F12: =VLOOKUP(D12,[1]机型!A:E,3,0) -> 3900 | G12: =VLOOKUP(D12,[1]机型!A:E,4,0) -> 16 | H12: =VLOOKUP(D12,[1]机型!A:E,5,0) -> 555
A13: LHR-DXB | B13: Emirates | C13: UAE8 | D13: Airbus A380-800 (quad-jet) | E13: =VLOOKUP(D13,[1]机型!A:E,2,0) -> 963.04 | F13: =VLOOKUP(D13,[1]机型!A:E,3,0) -> 3900 | G13: =VLOOKUP(D13,[1]机型!A:E,4,0) -> 16 | H13: =VLOOKUP(D13,[1]机型!A:E,5,0) -> 555
... A86: MEL-DXB | B86: Emirates | C86: UAE407 | D86: Airbus A380-800 (quad-jet) | E86: =VLOOKUP(D86,[1]机型!A:E,2,0) -> 963.04 | F86: =VLOOKUP(D86,[1]机型!A:E,3,0) -> 3900 | G86: =VLOOKUP(D86,[1]机型!A:E,4,0) -> 16 | H86: =VLOOKUP(D86,[1]机型!A:E,5,0) -> 555
